{
  "visitor": [
    {
      "id": 1,
      "name": "supriya",
      "email": "hegde@gmail.com",
      "contact": 9480740626
    },
    {
      "id": 2,
      "name": "sahana",
      "email": "sahana@gmail.com",
      "contact": 9480740656
    },
    {
      "name": "naveen",
      "email": "nk@dover.com",
      "contact": 23,
      "id": 3
    },
    {
      "name": "naveen",
      "email": "nk@dover.com",
      "contact": 23,
      "id": 4
    },
    {
      "name": "naveen",
      "email": "nk@dover.com",
      "contact": 23454,
      "id": 5
    }
  ],
  "user": [
    {
      "id": 1,
      "email": "shegde@gmailcom",
      "username": "supriya",
      "password": "snh123",
      "contact": 9480740626
    },
    {
      "username": "nikitha",
      "email": "niki@gmail.com",
      "contact": 7898787676,
      "password": "niki123",
      "id": 2
    },
    {
      "username": "hegde",
      "email": "appa@gmail.com",
      "contact": 7898787676,
      "password": "hegde",
      "id": 3
    }
  ],
  "items": [
    {
      "id": 2,
      "title": "Pani Puri",
      "price": 60,
      "description": "Spicy pani puri with sukka and extra pani",
      "category": "Chats",
      "image": "https://th.bing.com/th/id/OIP.WPBHmWIxXJ7wslcSa2lnwAHaFj?w=246&h=184&c=7&r=0&o=5&dpr=1.5&pid=1.7"
    },
    {
      "id": 3,
      "title": "kulcha",
      "price": 100,
      "description": "Soft kulcha served with extra butter",
      "category": "North Indian",
      "image": "https://th.bing.com/th/id/OIP.BOYzVD536krq4sgILQRS8AHaHa?w=203&h=203&c=7&r=0&o=5&dpr=1.5&pid=1.7"
    },
    {
      "id": 4,
      "title": "masala puri",
      "price": 60,
      "description": "Best masala puri with pani",
      "category": "Chats",
      "image": "https://th.bing.com/th/id/OIP.6mszgvqLwMqkwTB_WILwwgHaJQ?w=151&h=189&c=7&r=0&o=5&dpr=1.5&pid=1.7"
    },
    {
      "id": 5,
      "title": "idli",
      "price": 60,
      "description": "Soft and healthy idli with chutney and sambar",
      "category": "South Indian",
      "image": "https://th.bing.com/th/id/OIP.wjJb18dLp1PjJ8PRXNKdSAHaFz?w=260&h=204&c=7&r=0&o=5&dpr=1.5&pid=1.7"
    },
    {
      "id": 6,
      "title": "dahi puri",
      "price": 70,
      "description": "sweet and spicy combo of dahi puri",
      "category": "Chats",
      "image": "https://th.bing.com/th/id/OIP.jxw3vxN9q9nnBHJhWZPluwHaFz?w=229&h=180&c=7&r=0&o=5&dpr=1.5&pid=1.7"
    },
    {
      "id": 7,
      "title": "roti curry",
      "price": 140,
      "description": "2 roti with bindi curry",
      "category": "North Indian",
      "image": "https://th.bing.com/th/id/OIP.ATjWIWz6YAF4KvXAvEevBwHaFj?w=248&h=187&c=7&r=0&o=5&dpr=1.5&pid=1.7"
    },
    {
      "id": 8,
      "title": "sev puri",
      "price": 50,
      "description": "Sev puri with complete blend of sweet and khara chutney ",
      "category": "Chats",
      "image": "https://th.bing.com/th/id/OIP.84SE8Wf6JzDLwvPFhED3QQHaE8?w=272&h=181&c=7&r=0&o=5&dpr=1.5&pid=1.7"
    },
    {
      "id": 9,
      "title": "Upma",
      "price": 50,
      "description": "Mixed Vegatable upma served with shira",
      "category": "South Indian",
      "image": "https://th.bing.com/th/id/OIP.6akp0QxgHLYABXZeXpkbSwHaEq?w=271&h=180&c=7&r=0&o=5&dpr=1.5&pid=1.7"
    },
    {
      "id": 10,
      "title": "bhel puri",
      "price": 50,
      "description": "Extra-ordinary bhel with green bhaji",
      "category": "Chats",
      "image": "https://th.bing.com/th/id/OIP.Q_lViEDCD5KpRHeicoG9mQHaE8?w=279&h=186&c=7&r=0&o=5&dpr=1.5&pid=1.7"
    },
    {
      "id": 11,
      "title": "Butter Naan",
      "price": 160,
      "description": "2 Naan with curd and butter",
      "category": "North Indian",
      "image": "https://th.bing.com/th/id/OIP.1TR2VVNVFl7Jfl5u5XHhlgHaHa?w=203&h=203&c=7&r=0&o=5&dpr=1.5&pid=1.7"
    },
    {
      "id": 12,
      "title": "Aloo papdi",
      "price": 70,
      "description": "Aloo papdi with splendid combo of mixtures and vegetables",
      "category": "Chats",
      "image": "https://th.bing.com/th/id/OIP.Ok7386cybhPG6h9bQba0LgHaEK?w=320&h=180&c=7&r=0&o=5&dpr=1.5&pid=1.7"
    },
    {
      "id": 13,
      "title": "Veg Biryani",
      "price": 200,
      "description": "Made with fresh Vegetables",
      "category": "South Indian",
      "image": "https://th.bing.com/th?q=Veg+Biryani+Photography&w=120&h=120&c=1&rs=1&qlt=90&cb=1&dpr=1.5&pid=InlineBlock&mkt=en-IN&adlt=moderate&t=1&mw=247"
    },
    {
      "id": 14,
      "title": "Full Meals",
      "price": 70,
      "description": "Rice,subzi,rasam,puri,curd,sweet and papad",
      "category": "South Indian",
      "image": "https://th.bing.com/th/id/OIP.B4vQJbZLPkdEnhqTihKo-wAAAA?pid=ImgDet&w=178&h=178&c=7&dpr=1.5"
    },
    {
      "id": 15,
      "title": "North Indian Thali",
      "price": 200,
      "description": "Kulcha,rice ,panneer masala,fried Rice",
      "category": "North Indian",
      "image": "https://th.bing.com/th/id/OIP.IxB-qPagcejnoCR8Gt--RQHaD4?w=291&h=180&c=7&r=0&o=5&dpr=1.5&pid=1.7"
    },
    {
      "id": 16,
      "title": "Fried Rice",
      "price": 140,
      "description": "Onion,Capscicum,carrot",
      "category": "North Indian",
      "image": "https://th.bing.com/th/id/OIP.i8xhEkpskolPN5jv7CVr5QHaKl?w=126&h=180&c=7&r=0&o=5&dpr=1.5&pid=1.7"
    },
    {
      "id": 17,
      "title": "Puri",
      "price": 80,
      "description": "Puri with one subzi and sagu",
      "category": "South Indian",
      "image": "https://th.bing.com/th/id/OIP.7dVRWoiw1S3xZUcAEvCxVQHaFE?w=267&h=182&c=7&r=0&o=5&dpr=1.5&pid=1.7"
    },
    {
      "id": 18,
      "title": "Set Dose",
      "price": 60,
      "description": "One Plate set dose with green chutney",
      "category": "South Indian",
      "image": "https://th.bing.com/th?q=Chetnees+Set+Dosa&w=120&h=120&c=1&rs=1&qlt=90&cb=1&dpr=1.5&pid=InlineBlock&mkt=en-IN&adlt=moderate&t=1&mw=247"
    },
    {
      "id": 19,
      "title": "Brownie",
      "price": 180,
      "description": "Yummy brownie with chocolate sauce",
      "category": "Desserts",
      "image": "https://th.bing.com/th/id/OIP.d0WZsglDeDG9r92pGdKzqwHaLH?w=116&h=180&c=7&r=0&o=5&dpr=1.5&pid=1.7"
    },
    {
      "id": 20,
      "title": "Gulab Jamun",
      "price": 70,
      "description": "Mouth watering jamun with splendid cream",
      "category": "Desserts",
      "image": "https://th.bing.com/th/id/OIP.Msi0A3r40mP4cW93ByL9gAHaHa?w=184&h=184&c=7&r=0&o=5&dpr=1.5&pid=1.7"
    },
    {
      "id": 21,
      "title": "Chapathi",
      "price": 50,
      "description": "2 chapathi with smooth texture",
      "category": "South Indian",
      "image": "https://th.bing.com/th/id/OIP.lSSYMrGAPyRg9ORehp6iFQHaD4?w=315&h=180&c=7&r=0&o=5&dpr=1.5&pid=1.7"
    },
    {
      "id": 22,
      "title": "Aloo Parata",
      "price": 120,
      "description": "Soft Aloo Parata with onion and cucumber",
      "category": "North Indian",
      "image": "https://th.bing.com/th/id/OIP.h9yxopgVvfXD5KvnxwvbWAHaK6?w=128&h=191&c=7&r=0&o=5&dpr=1.5&pid=1.7"
    },
    {
      "id": 23,
      "title": "Honey Cake",
      "price": 90,
      "description": "Made with fresh Honey with vanilla cream on top",
      "category": "Desserts",
      "image": "https://th.bing.com/th/id/OIP.-qENGYAPVW2BbmCTujB6pAHaKc?w=125&h=180&c=7&r=0&o=5&dpr=1.5&pid=1.7"
    },
    {
      "id": 24,
      "title": "Bourborn Chocolate Chip",
      "price": 110,
      "description": "Yummy pi with choco chips and bourborn biscuit",
      "category": "Desserts",
      "image": "https://th.bing.com/th/id/OIP.j_6aPBWuQTAobJPQDoIKtQHaE4?w=286&h=189&c=7&r=0&o=5&dpr=1.5&pid=1.7"
    },
    {
      "id": 25,
      "title": "Jamaican Grill",
      "price": 150,
      "description": "With combo of brownie and chocolate layer",
      "category": "Desserts",
      "image": "https://th.bing.com/th/id/OIP.0_dSuNsxJJ4DmCHE8vFvPwHaHa?pid=ImgDet&w=178&h=178&c=7&dpr=1.5"
    },
    {
      "title": "Masala Dose",
      "price": 60,
      "description": "With Chutney and Sambar",
      "category": "South Indian",
      "image": "https://th.bing.com/th/id/OIP.AAeMOleCsTZ6bN_MA_cQqQHaEK?w=289&h=180&c=7&r=0&o=5&dpr=1.5&pid=1.7",
      "id": 26
    }
  ]
}